{"cameraMode":{"drawMode":0,"name":"Shaded","section":"Shading Mode"},"sceneLighting":true,"audioPlay":false,"sceneViewState":{"showFog":true,"showMaterialUpdate":false,"showSkybox":true,"showFlares":true,"showImageEffects":true,"showParticleSystems":true},"in2DMode":false,"pivot":{"x":1.776291012763977,"y":3.081319808959961,"z":2.798325538635254},"rotation":{"x":-0.3015748858451843,"y":0.5786924958229065,"z":-0.24317567050457,"w":-0.7176746726036072},"size":7.071067810058594,"orthographic":false}